Model,Train R²,Test R²,Train MSE,Test MSE,Train RMSE,Test RMSE,Train MAE,Test MAE,Overfitting
Linear Regression,0.9016651369931183,0.8966663721200843,0.10070652973933505,0.09299466755876086,0.31734292136320774,0.30495027063237845,0.24967392364961036,0.247182874685341,0.004998764873034078
Ridge Regression,0.9016637788579379,0.8966092772297828,0.10070792063038589,0.09304604986722928,0.3173451128194444,0.30503450602715304,0.24969905336664153,0.2472630759863164,0.005054501628155128
Gradient Boosting,0.9884295431326707,0.8699884429710965,0.011849516264906417,0.11700335866219676,0.10885548339383927,0.3420575370638641,0.08276158352825629,0.2747779585907028,0.11844110016157428
Support Vector Regression,0.9582891656725762,0.8549739296311816,0.04271682747301149,0.130515607339119,0.20668049611177997,0.3612694387007002,0.15370247519313548,0.2939602631845334,0.10331523604139459
Random Forest,0.9762570512232654,0.8458659697524225,0.024315587615313973,0.13871227785617493,0.15593456196531277,0.3724409723112844,0.12480380548570169,0.29659259090687984,0.130391081470843
Lasso Regression,0.8376086590951788,0.8279255059152969,0.16630793903783028,0.15485772348324886,0.4078087039750749,0.3935196608598468,0.32873341494682146,0.31295743409582016,0.009683153179881887
Decision Tree,0.9892463782682324,0.6668475385317674,0.011012980479364975,0.29981916861202956,0.10494274857923712,0.5475574569047796,0.05738074794129472,0.4263452609381437,0.322398839736465
K-Nearest Neighbors,0.74374635620839,0.5574962210996525,0.26243403824650424,0.39822943079240686,0.5122831621735232,0.631054221753097,0.41297846348213113,0.4895463545454915,0.18625013510873756
